Track URI,Track Name,Album Name,Artist Name(s),Release Date,Duration (ms),Popularity,Explicit,Added By,Added At,Genres,Record Label,Danceability,Energy,Key,Loudness,Mode,Speechiness,Acousticness,Instrumentalness,Liveness,Valence,Tempo,Time Signature
spotify:track:5o3DSHw1ORhM3lWxqGRvEf,"All Blues (feat. John Coltrane, Cannonball Adderley & Bill Evans)","Kind Of Blue (Legacy Edition)","Miles Davis;John Coltrane;Cannonball Adderley;Bill Evans",1959-08-17,692746,53,false,cambridgesax,2019-04-17T13:27:36Z,"jazz,cool jazz,hard bop,bebop,jazz fusion,jazz ballads,free jazz","Columbia/Legacy",0.499,0.149,0,-18.305,1,0.0314,0.771,0.00469,0.115,0.363,139.815,3
spotify:track:2Gy2f0LXuB2SkFVHDLo3RJ,"All of Me - Original Mix","All of Me","Billie Holiday & Lester Young",2014-07-11,183066,24,false,cambridgesax,2019-04-17T13:27:37Z,"cool jazz","Bentville Records",0.497,0.0983,5,-12.562,1,0.0366,0.99,0.00336,0.144,0.337,104.043,5
spotify:track:6Mt5QvHvLssWcsIlv92RM9,"All The Things You Are - Live At The Village Gate, NYC, 1962","Hawkins! Alive! At The Village Gate (Live, 1962 - Expanded Edition)","Coleman Hawkins",1963-01-01,498306,29,false,cambridgesax,2019-04-17T13:27:37Z,"jazz,jazz ballads,bebop,cool jazz,hard bop","Verve Reissues",0.491,0.346,5,-17.407,0,0.0503,0.852,0.316,0.936,0.664,113.679,4
spotify:track:5rrTQqQZ7YLR3AfbJoPIUi,"Anthropology - Live","The Genius Of Charlie Parker","Charlie Parker",1991-01-01,317373,26,false,cambridgesax,2019-04-17T13:27:38Z,"bebop,jazz,hard bop,cool jazz,jazz ballads","Savoy",0.554,0.499,3,-9.933,1,0.141,0.846,0.278,0.104,0.814,76.549,4
spotify:track:6trGotQbHorQuPRqGk5GHH,"Autumn Leaves","On the Alamo","Stan Getz",2011-01-01,186693,25,false,cambridgesax,2019-04-17T13:27:38Z,"bossa nova,jazz,brazilian jazz,cool jazz,latin jazz,jazz ballads","BonjourX",0.449,0.0729,0,-17.077,0,0.0467,0.993,0.577,0.113,0.472,64.989,4
spotify:track:3tSZu1OxcgVNTJCXF6n4YR,"Billie's Bounce","The Complete Savoy & Dial Master Takes","Charlie Parker",2002-09-10,189560,0,false,cambridgesax,2019-04-17T13:27:39Z,"bebop,jazz,hard bop,cool jazz,jazz ballads","Savoy",0.554,0.319,0,-10.156,0,0.0494,0.695,0.014,0.0919,0.634,156.551,4
spotify:track:0k7t4GfS9HNNprsCsVS4vR,"Samba de Orpheus","Cast Your Fate To The Wind","Vince Guaraldi Trio",2017-06-09,342582,21,false,cambridgesax,2019-04-17T13:27:40Z,"christmas","Jazz Experience",0.549,0.452,9,-17.504,1,0.0471,0.801,0.825,0.154,0.587,126.123,4
spotify:track:4LbJFM4QRgvKoYU7nzj3Dx,"Blue bossa","Biting The Apple","Dexter Gordon",1976-11-09,529600,42,false,cambridgesax,2019-04-17T13:27:40Z,"hard bop,jazz,jazz ballads,bebop,cool jazz","SteepleChase",0.362,0.411,8,-14.9,1,0.042,0.463,0.819,0.133,0.592,81.801,4
spotify:track:13u7TYHapclL0B6ynyvBgV,"Light Blue - Live At The Five Spot / August 7, 1958","Thelonious In Action","Thelonious Monk Quartet;Johnny Griffin",1958,314800,29,false,cambridgesax,2019-04-17T13:27:41Z,"hard bop,bebop,jazz,jazz ballads","Riverside Records",0.587,0.198,0,-18.515,1,0.0458,0.926,0.904,0.618,0.349,142.523,4
spotify:track:6ZgaUtMlUzUf7SqbUUnfbu,"Blue Train - Remastered 2003/Rudy Van Gelder Edition","Blue Train (Expanded Edition)","John Coltrane",1958,644013,51,false,cambridgesax,2019-04-17T13:27:41Z,"jazz,hard bop,free jazz,bebop,jazz ballads,cool jazz","Blue Note Records",0.506,0.493,8,-7.759,1,0.0427,0.798,0.00355,0.307,0.584,134.77,4
spotify:track:0iHJFo69X4CVf7bU6yy2mf,"Blues For Alice","Compact Jazz","Charlie Parker Quintet",1987-10-17,166906,27,false,cambridgesax,2019-04-17T13:27:42Z,"bebop,jazz,hard bop","Verve Reissues",0.442,0.531,7,-9.21,0,0.0418,0.828,0.03,0.0626,0.773,168.65,4
spotify:track:2ffgogqxGF85FulGg34faa,"Body and Soul","Jazz Signatures","Billy Byers and His Orchestra;Coleman Hawkins;Gene Orloff;Tosha Samaroff;Paul Gershman;Dave Newman;Alvin Rudnitsky;Arnold Eidus;Max Hollander;Max Cahn;Cy Miroff;Stan Kraft;Dave Sarser;Bert Fisch;George Ricci;Bernie Greenhouse;Edgardo Sodero;Julius Baker;Phil Bodner;Sid Jekowsky",1999-05-21,294800,23,false,cambridgesax,2019-04-17T13:27:43Z,"jazz,jazz ballads,bebop,cool jazz,hard bop,classical","RCA Victor",0.421,0.212,3,-13.132,0,0.0377,0.983,0.831,0.107,0.476,92.58,4
spotify:track:62zLUARu75Vsj8nGvwDe6a,"C-Jam Blues","Tenor Titans","Dexter Gordon|Ben Webster",1997-05-20,572232,23,false,cambridgesax,2019-04-17T13:27:43Z,"","Storyville",0.421,0.577,0,-9.781,1,0.0715,0.821,0.118,0.745,0.572,92.568,4
spotify:track:2RzlTcvW7Um8GiTTNWhxcr,"Caravan","Whiplash (Original Motion Picture Soundtrack)","John Wasson",2014-10-06,554889,0,false,cambridgesax,2019-04-17T13:27:44Z,"jazz,big band","Varese Sarabande",0.423,0.748,8,-9.982,1,0.0807,0.00605,0.835,0.0754,0.429,104.054,3
spotify:track:4cIseXnTf3TOAJU0LbqZDp,"Cherokee","Marsalis Standard Time - Volume I","Wynton Marsalis",1987-07-07,140960,28,false,cambridgesax,2019-04-17T13:27:44Z,"jazz,latin jazz,big band,jazz ballads,cool jazz","Columbia",0.61,0.565,2,-10.007,0,0.141,0.708,0.105,0.375,0.837,112.349,3
spotify:track:1xozBLIvfyy5db3kCAUQfm,"Chelsea Bridge","Portrait","Gerry Mulligan;Ben Webster;Billy Strayhorn",2014-04-15,437106,0,false,cambridgesax,2019-04-17T13:27:45Z,"cool jazz,jazz,jazz ballads,bebop,hard bop,big band","U-5",0.523,0.0218,1,-21.006,1,0.0424,0.952,0.302,0.133,0.146,111.039,4
spotify:track:29erJjtgdbh1KbG7MuPJCj,"Confirmation","Now’s The Time: The Genius Of Charlie Parker #3","Charlie Parker",1952-12-12,178866,34,false,cambridgesax,2019-04-17T13:27:46Z,"bebop,jazz,hard bop,cool jazz,jazz ballads","Verve Reissues",0.581,0.552,7,-9.529,0,0.046,0.506,0.0000507,0.0897,0.747,103.772,4
spotify:track:5gFzAFdVSPmwq9KSVH681D,"Darn That Dream","Musical Moments To Remember: Sarah Vaughan - That Dreamy Blues (Remastered 2016)","Sarah Vaughan;Basie's Bad Boys",2016-04-01,226101,0,false,cambridgesax,2019-04-17T13:27:46Z,"vocal jazz,jazz,jazz ballads,big band","Jube Legends",0.506,0.185,11,-12.269,0,0.0336,0.99,0.000222,0.117,0.114,62.573,4
spotify:track:5XrLzC6tClHbANUOmPYg2E,"Days Of Wine And Roses","Days Of Wine And Roses, Moon River And Other Academy Award Winners","Frank Sinatra",1964,135506,56,false,cambridgesax,2019-04-17T13:27:47Z,"christmas,big band,adult standards,swing music,jazz,vocal jazz","FRANK SINATRA DIGITAL REPRISE",0.66,0.26,5,-13.853,0,0.0341,0.656,0,0.185,0.63,124.893,4
spotify:track:0N6lRvYM9ioAYPiF5pSapK,"Desafinado","Getz / Gilberto","Stan Getz;João Gilberto;Antônio Carlos Jobim",1964-03-01,255760,0,false,cambridgesax,2019-04-17T13:27:47Z,"bossa nova,jazz,brazilian jazz,cool jazz,latin jazz,jazz ballads,samba,mpb","Verve Reissues",0.491,0.171,3,-17.259,1,0.0439,0.931,0.00144,0.103,0.538,143.285,4
spotify:track:1Ku5vu9Crncz8ixeT4Ijxc,"Dolphin Dance - Remastered 1999/Rudy Van Gelder Edition","Maiden Voyage (Remastered 1999/Rudy Van Gelder Edition)","Herbie Hancock",1965-05-17,556133,43,false,cambridgesax,2019-04-17T13:27:48Z,"jazz,jazz fusion,jazz funk,hard bop,cool jazz","Blue Note Records",0.46,0.372,4,-11.008,0,0.0329,0.828,0.000197,0.131,0.29,120.043,4
spotify:track:7M8iXcl69hHLrsNBinz8C5,"Donna Lee","The Complete Savoy & Dial Master Takes","Charlie Parker",2002-09-10,154333,0,false,cambridgesax,2019-04-17T13:27:49Z,"bebop,jazz,hard bop,cool jazz,jazz ballads","Savoy",0.671,0.612,10,-8.885,0,0.053,0.727,0.00502,0.33,0.823,113.023,4
spotify:track:6RjvMuSa4ZCqPueIIO4IBs,"Don't Get Around Much Anymore","Duets II","Tony Bennett;Michael Bublé",2011-09-20,159000,54,false,cambridgesax,2019-04-17T13:27:49Z,"vocal jazz,christmas,big band,adult standards,jazz","RPM Records/Columbia",0.641,0.393,10,-6.41,1,0.0331,0.591,0,0.147,0.449,113.323,4
spotify:track:544dCWSm7UPNPirWjlDW0H,"Doxy - RVG Remaster","Bags' Groove (RVG Remaster)","Miles Davis;Sonny Rollins;Horace Silver;Kenny Clarke;Percy Heath",1957,292133,0,false,cambridgesax,2019-04-17T13:27:50Z,"jazz,cool jazz,hard bop,bebop,jazz fusion,jazz ballads,free jazz,soul jazz,french jazz","Fantasy Records",0.7,0.283,5,-11.902,1,0.0484,0.896,0.141,0.14,0.474,120.417,4
spotify:track:61K5CsgNZy69TFzrsFS1XM,"E.S.P. (2022 Remaster)","E.S.P. (2022 Remaster)","Miles Davis",1965-11,333171,33,false,cambridgesax,2019-04-17T13:27:50Z,"jazz,cool jazz,hard bop,bebop,jazz fusion,jazz ballads,free jazz","Columbia/Legacy",0.415,0.445,2,-13.147,0,0.0428,0.655,0.0000136,0.143,0.659,145.8,4
spotify:track:31sgA9RhIPIKf0QAhjnHbi,"A Foggy Day","Oscar Peterson Plays The George Gershwin Song Book","Oscar Peterson",1959-01-01,174946,52,false,cambridgesax,2019-04-17T13:27:51Z,"jazz,jazz ballads,cool jazz,bebop,hard bop","Verve",0.433,0.0701,0,-28.291,1,0.0364,0.957,0.897,0.103,0.232,99.009,4
spotify:track:2JITVZu8o6ls9k8SoMRy7w,"Footprints - Remastered","Adam's Apple (Rudy Van Gelder Edition)","Wayne Shorter",1967,449773,52,false,cambridgesax,2019-04-17T13:27:52Z,"hard bop,jazz,jazz ballads,bebop,cool jazz,free jazz,jazz fusion","Blue Note Records",0.53,0.454,7,-11.19,0,0.028,0.768,0.116,0.113,0.492,135.947,3
spotify:track:2x91iJc0UkFcjRMEZ2CoWB,"Freddie Freeloader (feat. John Coltrane, Cannonball Adderley, Wynton Kelly & Paul Chambers)","Kind Of Blue (Legacy Edition)","Miles Davis;John Coltrane;Cannonball Adderley;Wynton Kelly;Paul Chambers",1959-08-17,586400,53,false,cambridgesax,2019-04-17T13:27:52Z,"jazz,cool jazz,hard bop,bebop,jazz fusion,jazz ballads,free jazz","Columbia/Legacy",0.639,0.186,8,-15.831,1,0.0347,0.704,0.00104,0.118,0.498,128.375,4
spotify:track:2bazZDsoPaSAckQWWz0HkL,"Freedom Jazz Dance (Evolution of the Groove)","The Complete Columbia Studio Recordings Of The Miles Davis Quintet January 1965 To June 1968","Miles Davis",1998-03-17,432240,19,false,cambridgesax,2019-04-17T13:27:53Z,"jazz,cool jazz,hard bop,bebop,jazz fusion,jazz ballads,free jazz","Columbia/Legacy",0.544,0.526,5,-13.844,0,0.0536,0.0433,0.0745,0.163,0.654,98.759,4
spotify:track:2CBfYM9el9Sh15s9NCeYFP,"Four","Workin' With The Miles Davis Quintet","Miles Davis Quintet",1959,433106,46,false,cambridgesax,2019-04-17T13:27:53Z,"jazz,hard bop,cool jazz,bebop,jazz ballads","Prestige",0.484,0.635,0,-7.109,0,0.043,0.558,0,0.366,0.673,99.308,4
spotify:track:47vmcuvMWFIsMaiHFIGSIu,"Giant Steps","Giant Steps (Deluxe Edition)","John Coltrane",1960,283439,0,false,cambridgesax,2019-04-17T13:27:54Z,"jazz,hard bop,free jazz,bebop,jazz ballads,cool jazz","Rhino Atlantic",0.431,0.491,0,-10.746,0,0.0562,0.441,0.000458,0.134,0.577,148.243,4
spotify:track:2awrRfYfbI8uvHi2yvnT3C,"The Girl From Ipanema","Getz For Lovers","Stan Getz",2002-01-14,322826,24,false,cambridgesax,2019-04-17T13:27:55Z,"bossa nova,jazz,brazilian jazz,cool jazz,latin jazz,jazz ballads","Verve Reissues",0.662,0.147,5,-17.787,0,0.0441,0.893,0.000345,0.113,0.362,130.117,4
spotify:track:3PJMsxg6rz9FOo6xNiASXz,"Goodbye Pork Pie Hat","Mingus Ah Um","Charles Mingus",1959,344306,55,false,cambridgesax,2019-04-17T13:27:55Z,"jazz,hard bop,bebop,free jazz,cool jazz,jazz ballads","Columbia/Legacy",0.356,0.0937,8,-16.64,0,0.0353,0.957,0.096,0.209,0.278,86.669,3
spotify:track:46JqjQRnB54xVejTR7VUUQ,"Have You Met Miss Jones?","Swing Along With Me","Frank Sinatra",1961-07,151920,35,false,cambridgesax,2019-04-17T13:27:56Z,"christmas,big band,adult standards,swing music,jazz,vocal jazz","FRANK SINATRA DIGITAL REPRISE",0.648,0.203,5,-11.822,0,0.0327,0.625,0,0.285,0.496,119.612,4
spotify:track:4QEXsCyZFwFzCw1mZXsfFE,"I Mean You - Live [Lincoln Center]","Big Band And Quartet In Concert","Thelonious Monk",1964-04-01,771533,19,false,cambridgesax,2019-04-17T13:27:56Z,"jazz,bebop,hard bop,cool jazz,free jazz","Legacy/Columbia",0.563,0.496,5,-14.603,0,0.0441,0.52,0.134,0.683,0.722,95.889,4
spotify:track:6cqDz44YJno8pJmTd8eKrD,"I Thought About You - Live","Seven Steps: The Complete Columbia Recordings Of Miles Davis 1963-1964","Miles Davis",2004,674973,18,false,cambridgesax,2019-04-17T13:27:57Z,"jazz,cool jazz,hard bop,bebop,jazz fusion,jazz ballads,free jazz","Columbia/Legacy",0.509,0.165,7,-16.329,0,0.0444,0.792,0.443,0.758,0.289,122.421,4
spotify:track:7gMEBkXTNwtkgXaAjisJTm,"If I Were A Bell - Rudy Van Gelder Remaster","Relaxin' With The Miles Davis Quintet","Miles Davis Quintet",1958,497240,24,false,cambridgesax,2019-04-17T13:27:58Z,"jazz,hard bop,cool jazz,bebop,jazz ballads","Original Jazz Classics",0.603,0.462,5,-8.421,1,0.0456,0.667,0.0024,0.245,0.564,90.371,4
spotify:track:37WE7b8RUE4dpSLDg7OmGu,"Impressions - Take 3","Both Directions At Once: The Lost Album (Deluxe Version)","John Coltrane",2018-06-29,276080,22,false,cambridgesax,2019-04-17T13:27:58Z,"jazz,hard bop,free jazz,bebop,jazz ballads,cool jazz","Impulse Records",0.414,0.555,0,-12.115,1,0.0605,0.00689,0.000371,0.217,0.639,120.593,4
spotify:track:44vfx8GSuXfW7Plb8znCPW,"In A Sentimental Mood","Coltrane For Lovers","Duke Ellington;John Coltrane",2001-01-01,255360,37,false,cambridgesax,2019-04-17T13:27:59Z,"jazz,big band,swing music,cool jazz,jazz ballads,hard bop,free jazz,bebop","GRP",0.464,0.248,10,-13.804,0,0.0315,0.971,0.294,0.14,0.278,106.669,4
spotify:track:4i1QLUusw4HvG19Mb31DtO,"In Walked Bud","Genius Of Modern Music","Thelonious Monk",1951,176693,0,false,cambridgesax,2019-04-17T13:27:59Z,"jazz,bebop,hard bop,cool jazz,free jazz","Jazz",0.389,0.539,5,-10.211,0,0.0531,0.899,0.0347,0.183,0.658,184.516,3
spotify:track:1WKTkC39vzDRxt9ZWA8iAQ,"It Don't Mean a Thing (If It Ain't Got That Swing) - 1990 Remaster","The Great Summit - The Master Tapes","Louis Armstrong;Duke Ellington",2001-01-08,238800,34,false,cambridgesax,2019-04-17T13:28:00Z,"jazz,swing music,vocal jazz,big band,cool jazz,jazz ballads","Parlophone UK",0.745,0.297,7,-9.63,0,0.124,0.377,0.00244,0.18,0.575,97.393,4
spotify:track:37Gb12cbycySN6DmsJwPZI,"Joy Spring - Rudy Van Gelder Edition/Digitally Remastered 2001","Jazz Immortal (Remastered / Rudy Van Gelder Edition)","Clifford Brown",2001-01-01,196400,20,false,cambridgesax,2019-04-17T13:28:01Z,"hard bop,bebop,jazz,jazz ballads,cool jazz","Blue Note Records",0.556,0.358,5,-9.761,0,0.0549,0.733,0.0557,0.0645,0.693,166.626,3
spotify:track:5YZf6R8beHHvWPj6TVofJ1,"Just Friends","Charlie Parker With Strings: Complete Master Takes","Charlie Parker",1995-01-24,210240,22,false,cambridgesax,2019-04-17T13:28:01Z,"bebop,jazz,hard bop,cool jazz,jazz ballads","Verve Reissues",0.44,0.441,0,-10.141,0,0.0311,0.891,0.000538,0.321,0.678,137.061,4
spotify:track:0aEcArQsqTpErHdixEVaHj,"Killer Joe","Terminal 1","Benny Golson",2004-01-01,413426,35,false,cambridgesax,2019-04-17T13:28:02Z,"hard bop,jazz,jazz ballads,bebop,cool jazz","Concord Jazz",0.501,0.374,5,-10.249,1,0.0424,0.776,0.00492,0.0858,0.232,119.936,4
spotify:track:2ZR8nEp2MK6xeJSE1GZdGJ,"Lady Bird","At Nalen with Bengt Hallberg","Stan Getz",2012-09-10,778226,0,false,cambridgesax,2019-04-17T13:28:03Z,"bossa nova,jazz,brazilian jazz,cool jazz,latin jazz,jazz ballads","Riverside Records",0.405,0.303,0,-14.896,1,0.0432,0.951,0.0505,0.804,0.632,104.662,4
spotify:track:2r8LbuEteJgnEOxyjpbRTc,"Lover Man","Billie Holiday's Greatest Hits","Billie Holiday",1995-02-03,195333,30,false,cambridgesax,2019-04-17T13:28:03Z,"jazz,vocal jazz","GRP",0.449,0.0803,0,-16.172,1,0.043,0.933,0,0.228,0.307,65.765,4
spotify:track:16Po3i2Kcsy74jz0lp6fdJ,"Love For Sale","Somethin' Else (Rudy Van Gelder Edition)","Cannonball Adderley",1958,424640,46,false,cambridgesax,2019-04-17T13:28:04Z,"hard bop,jazz,bebop,cool jazz,jazz ballads","Blue Note Records",0.582,0.343,5,-8.004,0,0.0428,0.735,0,0.125,0.462,88.144,4
spotify:track:2Y2T55mc3CDjufoC54sVRk,"Lullaby Of Birdland","Ella Fitzgerald: Ken Burns's Jazz","Ella Fitzgerald",2000-11-07,172733,19,false,cambridgesax,2019-04-17T13:28:04Z,"vocal jazz,jazz,swing music,big band,christmas","Verve Reissues",0.58,0.286,5,-9.639,0,0.0352,0.849,0,0.356,0.467,110.452,4
spotify:track:3hQzIJIiWk9oQ7FzE85uOt,"Moritat","Saxophone Colossus","Sonny Rollins;Tommy Flanagan;Doug Watkins;Max Roach",1957-04,601706,33,false,cambridgesax,2019-04-17T13:28:05Z,"hard bop,jazz,bebop,jazz ballads,cool jazz,free jazz","Prestige",0.494,0.529,7,-7.596,0,0.0409,0.622,0.0000985,0.325,0.57,82.203,4
spotify:track:5ytXSrCiSO8UWL4f6rAOJy,"Mr. P.C.","Giant Steps (Deluxe Edition)","John Coltrane",1960,423160,0,false,cambridgesax,2019-04-17T13:28:06Z,"jazz,hard bop,free jazz,bebop,jazz ballads,cool jazz","Rhino Atlantic",0.475,0.541,5,-11.89,0,0.0749,0.466,0.0000124,0.319,0.596,131.121,4
spotify:track:0T1EaGm6b9eM7xBf4F1hlc,"Maiden Voyage - Remastered 1999/Rudy Van Gelder Edition","Maiden Voyage (Remastered 1999/Rudy Van Gelder Edition)","Herbie Hancock",1965-05-17,477093,50,false,cambridgesax,2019-04-17T13:28:06Z,"jazz,jazz fusion,jazz funk,hard bop,cool jazz","Blue Note Records",0.467,0.459,0,-9.706,0,0.0305,0.719,0.00312,0.0944,0.178,124.379,4
spotify:track:11zSX1BLCSxmbJxsZ9Yg15,"Mercy, Mercy, Mercy - Live","Mercy, Mercy, Mercy (Live)","The Cannonball Adderley Quintet",1995-01-01,310600,29,false,cambridgesax,2019-04-17T13:28:07Z,"hard bop,jazz,bebop,soul jazz,cool jazz,jazz ballads","Blue Note Records",0.546,0.402,10,-13.398,1,0.0528,0.721,0.0164,0.956,0.373,84.701,4
spotify:track:6cBCQLHYJtjosHq2u7dwfG,"Misty","Ella Fitzgerald - Gold","Ella Fitzgerald",2003-01-01,172133,18,false,cambridgesax,2019-04-17T13:28:07Z,"vocal jazz,jazz,swing music,big band,christmas","Decca (UMO)",0.304,0.0592,11,-17.768,1,0.047,0.991,0.000114,0.152,0.233,170.334,5
spotify:track:3TnqliDSJY2iWjL6F38ocE,"Moment's Notice - Remastered 2003/Rudy Van Gelder Edition","Blue Train (Expanded Edition)","John Coltrane",1958,550760,42,false,cambridgesax,2019-04-17T13:28:08Z,"jazz,hard bop,free jazz,bebop,jazz ballads,cool jazz","Blue Note Records",0.509,0.606,3,-7.621,1,0.0365,0.731,0.00361,0.256,0.794,123.351,4
spotify:track:2JOEPbuwVf0nafGnMSVEhH,"My Favorite Things","My Favorite Things (Deluxe Edition)","John Coltrane",1961,824133,55,false,cambridgesax,2019-04-17T13:28:09Z,"jazz,hard bop,free jazz,bebop,jazz ballads,cool jazz","Rhino Atlantic",0.277,0.242,4,-18.442,1,0.0342,0.694,0.464,0.113,0.285,175.384,3
spotify:track:1y8lqZkBAGos6BZGH0YLQ5,"My Funny Valentine - Live","Gods of the Jazz Trumpet","Art Blakey & The Jazz Messengers;Wynton Marsalis",2011-03-01,536000,9,false,cambridgesax,2019-04-17T13:28:09Z,"hard bop,jazz,bebop,cool jazz,latin jazz,big band,jazz ballads","X5 Music Group",0.413,0.146,3,-21.231,1,0.0551,0.945,0.873,0.893,0.135,88.509,4
spotify:track:3626bfd8DrCvc0ptbMTS7A,"My Romance - Bonus track","Candy","Chet Baker;Red Mitchell",2004-01-01,346000,14,false,cambridgesax,2019-04-17T13:28:10Z,"jazz,cool jazz,vocal jazz,jazz ballads,hard bop","Universal Music AB",0.432,0.0259,10,-25.403,1,0.0449,0.986,0.117,0.209,0.173,89.17,3
spotify:track:1hVRTl4yhWmGW7ImZoO22e,"Naima","Giant Steps (Deluxe Edition)","John Coltrane",1960,258266,1,false,cambridgesax,2019-04-17T13:28:10Z,"jazz,hard bop,free jazz,bebop,jazz ballads,cool jazz","Rhino Atlantic",0.303,0.0141,10,-19.759,0,0.0418,0.948,0.0944,0.0792,0.157,171.439,3
spotify:track:73z20rpc2F1BMJUTbvHmTq,"A Night In Tunisia","Afro","Dizzy Gillespie",1954-01-26,259200,29,false,cambridgesax,2019-04-17T13:28:11Z,"bebop,jazz,afro-cuban jazz,hard bop,latin jazz,big band,cool jazz","Verve Reissues",0.511,0.647,9,-11.652,0,0.0707,0.813,0.887,0.0916,0.398,106.282,3
spotify:track:5p1SjSgqgODz1rIbNyLzwB,"Nostalgia In Times Square - 1994 Remaster","Jazz Portraits-Mingus In Wonderland","Charles Mingus",1959,738023,21,false,cambridgesax,2019-04-17T13:28:12Z,"jazz,hard bop,bebop,free jazz,cool jazz,jazz ballads","Blue Note Records",0.538,0.381,8,-14.739,1,0.121,0.832,0.0971,0.713,0.389,145.085,4
spotify:track:6fZ0iUTYLrTnYg4Qs11eji,"Now's The Time","The Complete Savoy & Dial Master Takes","Charlie Parker",2002-09-10,196866,0,false,cambridgesax,2019-04-17T13:28:12Z,"bebop,jazz,hard bop,cool jazz,jazz ballads","Savoy",0.615,0.263,5,-10.861,1,0.0445,0.728,0.0144,0.117,0.524,127.223,4
spotify:track:5gAsXeg0wMLNQwUcqEROBI,"Oleo - RVG Remaster","Bags' Groove (RVG Remaster)","Miles Davis;Sonny Rollins;Horace Silver;Kenny Clarke;Percy Heath",1957,311586,0,false,cambridgesax,2019-04-17T13:28:13Z,"jazz,cool jazz,hard bop,bebop,jazz fusion,jazz ballads,free jazz,soul jazz,french jazz","Fantasy Records",0.589,0.32,7,-12.541,0,0.048,0.785,0.013,0.109,0.707,112.293,4
spotify:track:0tUq1zaYNoV6ZiYRU2bjqf,"On Green Dolphin Street (feat. John Coltrane, Cannonball Adderley & Bill Evans)","Kind Of Blue (Legacy Edition)","Miles Davis;John Coltrane;Cannonball Adderley;Bill Evans",1959-08-17,589200,46,false,cambridgesax,2019-04-17T13:28:14Z,"jazz,cool jazz,hard bop,bebop,jazz fusion,jazz ballads,free jazz","Columbia/Legacy",0.445,0.304,8,-12.261,1,0.0437,0.742,0.00068,0.175,0.362,76.74,4
spotify:track:23LNlEs6y2wooBJgrzAUkZ,"On The Sunny Side Of The Street - Single Version","The Ultimate Collection: Louis Armstrong","Louis Armstrong",2000-07-25,176066,16,false,cambridgesax,2019-04-17T13:28:14Z,"jazz,swing music,vocal jazz,big band","Verve Reissues",0.555,0.317,0,-11.837,1,0.0646,0.394,0,0.37,0.877,156.513,4
spotify:track:5GpnQd76xa1DRffcjocUPB,"Ornithology","The Complete Savoy & Dial Master Takes","Charlie Parker",2002-09-10,181600,0,false,cambridgesax,2019-04-17T13:28:15Z,"bebop,jazz,hard bop,cool jazz,jazz ballads","Savoy",0.674,0.422,7,-12.276,1,0.0605,0.88,0.0287,0.0849,0.866,111.183,4
spotify:track:5c3CSR3FyHpoULnNNxe3jl,"Pent-Up House","The Complete Prestige Recordings","Sonny Rollins",1992-01-01,533866,24,false,cambridgesax,2019-04-17T13:28:15Z,"hard bop,jazz,bebop,jazz ballads,cool jazz","Prestige",0.548,0.397,7,-14.514,1,0.0323,0.762,0.000795,0.347,0.78,93.605,4
spotify:track:3KUSSxjujFcEGhnsm0qeDo,"Recorda Me","Page One","Joe Henderson",1963-10-01,361773,42,false,cambridgesax,2019-04-17T13:28:16Z,"hard bop,jazz,jazz ballads,bebop,free jazz,cool jazz","Blue Note Records",0.654,0.444,0,-10.178,1,0.0631,0.954,0.864,0.126,0.624,90.575,4
spotify:track:5vb7At47uO0yPGfmYnAHuw,"'Round Midnight (feat. John Coltrane, Red Garland, Paul Chambers & Philly Joe Jones)","'Round About Midnight","Miles Davis;John Coltrane;Red Garland;Paul Chambers;Philly Joe Jones",1957-03-18,355333,54,false,cambridgesax,2019-04-17T13:28:16Z,"jazz,cool jazz,hard bop,bebop,jazz fusion,jazz ballads,free jazz","Columbia/Legacy",0.494,0.182,10,-11.116,0,0.0443,0.79,0.00036,0.129,0.21,112.689,4
spotify:track:0zQE77yszbyv61M4NboU2u,"St. Thomas","Saxophone Colossus","Sonny Rollins;Tommy Flanagan;Doug Watkins;Max Roach",1957-04,406266,48,false,cambridgesax,2019-04-17T13:28:17Z,"hard bop,jazz,bebop,jazz ballads,cool jazz,free jazz","Prestige",0.541,0.607,0,-8.435,1,0.0438,0.727,0.442,0.0997,0.754,104.96,4
spotify:track:7MTtIftC3nDPzzDN4BX2aM,"Satin Doll","Nights Of Ballads & Blues","McCoy Tyner",1963,336866,0,false,cambridgesax,2019-04-17T13:28:18Z,"jazz,hard bop,jazz ballads,cool jazz,bebop,free jazz","Impulse!",0.721,0.238,0,-17.28,1,0.0532,0.863,0.926,0.111,0.431,119.9,4
spotify:track:4XTMruEGMPRsq4v3BUrlEc,"Scrapple From The Apple","Best Of The Complete Savoy & Dial Studio Recordings","Charlie Parker",2002-01-01,176093,0,false,cambridgesax,2019-04-17T13:28:18Z,"bebop,jazz,hard bop,cool jazz,jazz ballads","Savoy",0.677,0.369,2,-11.666,0,0.0438,0.973,0.897,0.116,0.847,100.125,4
spotify:track:77b1v5Vohuobvvu61VrhKR,"The Sidewinder","The Best Of Lee Morgan","Lee Morgan",1988-11-02,626666,33,false,cambridgesax,2019-04-17T13:28:19Z,"hard bop,jazz,bebop,jazz ballads,cool jazz","Blue Note Records",0.485,0.454,8,-12.676,1,0.034,0.442,0.0000312,0.0866,0.809,151.069,4
spotify:track:4vLYewWIvqHfKtJDk8c8tq,"So What (feat. John Coltrane, Cannonball Adderley & Bill Evans)","Kind Of Blue (Legacy Edition)","Miles Davis;John Coltrane;Cannonball Adderley;Bill Evans",1959-08-17,562640,64,false,cambridgesax,2019-04-17T13:28:19Z,"jazz,cool jazz,hard bop,bebop,jazz fusion,jazz ballads,free jazz","Columbia/Legacy",0.532,0.151,0,-17.266,1,0.0376,0.706,0.00136,0.116,0.211,136.759,4
spotify:track:16KZuJfRKqMZQvmOibsVqX,"Solar - Rudy Van Gelder Remaster","Walkin'","Miles Davis Quintet",1957,282866,0,false,cambridgesax,2019-04-17T13:28:20Z,"jazz,hard bop,cool jazz,bebop,jazz ballads","Prestige",0.636,0.181,5,-17.511,0,0.0456,0.864,0.00251,0.0706,0.697,84.203,3
spotify:track:6TaxxjopoOERhssBMSmP0P,"Softly As In A Morning Sunrise - Live At The Village Vanguard, 1961","Standards","John Coltrane Quartet",2001-08-21,391600,17,false,cambridgesax,2019-04-17T13:28:21Z,"jazz,jazz ballads,cool jazz,hard bop,free jazz,bebop","Impulse!",0.357,0.443,0,-12.711,0,0.0394,0.661,0.00976,0.635,0.584,202.535,3
spotify:track:1JAqIokUYQb4P6F1yTJP85,"Someday My Prince Will Come (feat. John Coltrane, Hank Mobley, Wynton Kelly, Paul Chambers & Jimmy Cobb) - Mono Version","Someday My Prince Will Come (Mono Version)","Miles Davis;John Coltrane;Hank Mobley;Wynton Kelly;Paul Chambers;Jimmy Cobb",1961-01-01,549942,23,false,cambridgesax,2019-04-17T13:28:21Z,"jazz,cool jazz,hard bop,bebop,jazz fusion,jazz ballads,free jazz","Columbia/Legacy",0.497,0.34,0,-12.477,0,0.0344,0.807,0.00152,0.125,0.341,147.944,3
spotify:track:2sPYMwKLE37feNNdwDcYpL,"Some Other Blues","Coltrane Jazz","John Coltrane",1961-02,340493,23,false,cambridgesax,2019-04-17T13:28:22Z,"jazz,hard bop,free jazz,bebop,jazz ballads,cool jazz","Rhino Atlantic",0.629,0.311,10,-14.813,1,0.0443,0.766,0.012,0.303,0.682,95.942,4
spotify:track:1CDBaGlisZlOJzvx88lL8A,"Song For My Father","Song For My Father","Horace Silver",1999-01-01,438280,55,false,cambridgesax,2019-04-17T13:28:22Z,"hard bop,jazz,bebop,cool jazz,soul jazz,jazz ballads","Blue Note Records",0.742,0.671,5,-8.142,0,0.0407,0.794,0.00441,0.122,0.591,127.359,4
spotify:track:1OBjBcWxONZgJqgahe02zx,"Sophisticated Lady - Take 2","The Essential Duke Ellington","Duke Ellington",2007-09-04,194000,20,false,cambridgesax,2019-04-17T13:28:23Z,"jazz,big band,swing music,cool jazz,jazz ballads","Columbia/Legacy",0.437,0.23,0,-14.146,0,0.039,0.988,0.717,0.309,0.313,87.565,4
spotify:track:0qxiaagtTvTeNvzxHHc441,"Speak No Evil - Remastered1998/Rudy Van Gelder Edition","Speak No Evil (The Rudy Van Gelder Edition)","Wayne Shorter",1966-06-01,503786,47,false,cambridgesax,2019-04-17T13:28:24Z,"hard bop,jazz,jazz ballads,bebop,cool jazz,free jazz,jazz fusion","Blue Note Records",0.459,0.632,5,-7.153,0,0.0406,0.612,0,0.274,0.517,106.338,3
spotify:track:4zxd4tiXPlWMqoJltbVTbE,"Stella By Starlight (feat. John Coltrane & Bill Evans)","Kind Of Blue (Legacy Edition)","Miles Davis;John Coltrane;Bill Evans",1959-08-17,284560,53,false,cambridgesax,2019-04-17T13:28:24Z,"jazz,cool jazz,hard bop,bebop,jazz fusion,jazz ballads,free jazz","Columbia/Legacy",0.47,0.144,10,-12.824,1,0.0365,0.912,0.000118,0.0965,0.243,84.787,4
spotify:track:4ow1XH4hwe3yOGXG2eTTTY,"Stolen Moments","The Blues and the Abstract Truth","Oliver Nelson",2007-01-01,525613,0,false,cambridgesax,2019-04-17T13:28:25Z,"hard bop,jazz,bebop,cool jazz,big band","Verve Reissues",0.575,0.187,0,-13.081,0,0.0513,0.927,0.876,0.166,0.342,107.469,4
spotify:track:1xUJ1mdLAysxNBtO9w3J2g,"Stompin At The Savoy","B. G. In Hi Fi","Benny Goodman",1990-01-01,195533,57,false,cambridgesax,2019-04-17T13:28:25Z,"big band,swing music,jazz,ragtime","Capitol Records",0.525,0.222,10,-11.065,0,0.0373,0.836,0.0799,0.051,0.645,156.364,4
spotify:track:6YYu8qFzcY1ZyzzsJIQM12,"Straight, No Chaser","Straight, No Chaser","Thelonious Monk",1967,688600,49,false,cambridgesax,2019-04-17T13:28:26Z,"jazz,bebop,hard bop,cool jazz,free jazz","Columbia/Legacy",0.465,0.35,3,-12.977,1,0.0403,0.41,0.279,0.135,0.62,93.336,4
spotify:track:73UXONNvcyKDlw27FC0E2B,"Sugar","Sugar (CTI Records 40th Anniversary Edition - Original recording remastered)","Stanley Turrentine",1971,603413,31,false,cambridgesax,2019-04-17T13:28:27Z,"hard bop,jazz,soul jazz,jazz ballads,cool jazz,bebop","Masterworks Jazz",0.568,0.543,0,-10.975,0,0.038,0.437,0.0133,0.107,0.544,124.001,4
spotify:track:4PN5gbJNYWx9yQ6hJepPbG,"Summertime","The Best Of Sidney Bechet","Sidney Bechet",1994-01-01,252266,39,false,cambridgesax,2019-04-17T13:28:27Z,"jazz,swing music,ragtime","Blue Note Records",0.644,0.157,7,-16.323,0,0.0407,0.991,0.92,0.101,0.448,82.251,4
spotify:track:5UbLKRX1qVROlwDFOooEvG,"Take Five","Dave Brubeck's Greatest Hits","Dave Brubeck;The Dave Brubeck Quartet",1966,324160,49,false,cambridgesax,2019-04-17T13:28:28Z,"jazz,cool jazz","Columbia/Legacy",0.454,0.26,10,-13.213,0,0.0405,0.529,0.000779,0.0646,0.57,174.21,5
spotify:track:6LUvH2K99wNh8Mu4eaVHJb,"Take the ""A"" Train","The Collection","Duke Ellington",1984-01-01,177573,0,false,cambridgesax,2019-04-17T13:28:29Z,"jazz,big band,swing music,cool jazz,jazz ballads","R2M",0.637,0.309,0,-12.342,1,0.0383,0.95,0.248,0.104,0.531,83.853,4
spotify:track:5MCCL7akoNKIN1BUixMDff,"Tune Up - 2007 Remastered Version","Trane's Blues","Miles Davis;John Coltrane",2007-09-10,313453,0,false,cambridgesax,2019-04-17T13:28:29Z,"jazz,cool jazz,hard bop,bebop,jazz fusion,jazz ballads,free jazz","Dreyfus Jazz",0.344,0.715,2,-9.473,0,0.0573,0.615,0.0112,0.285,0.68,157.401,4
spotify:track:324iPCySQCs7mbI58Ma92P,"There Will Never Be Another You","Planet Jazz - Jazz Budget Series","Bud Powell",1997-08-26,218293,13,false,cambridgesax,2019-04-17T13:28:30Z,"bebop,jazz,hard bop,cool jazz","RCA Victor",0.505,0.284,5,-14.446,0,0.035,0.95,0.895,0.246,0.603,155.275,4
spotify:track:0Ym1XHuFUolBWg6pTZHarn,"Up Jumped Spring","Backlash","Freddie Hubbard",1967,401226,31,false,cambridgesax,2019-04-17T13:28:31Z,"hard bop,jazz,bebop,jazz ballads,cool jazz,jazz funk","Rhino Atlantic",0.51,0.147,7,-21.959,0,0.0437,0.814,0.342,0.184,0.552,78.225,1
spotify:track:2RW4RriHX1v64q1EGEKF9Q,"Waltz For Debbie","We Meet Again","Bill Evans;Gene Lees;Ramsey Lewis",1989-10-17,413000,16,false,cambridgesax,2019-04-17T13:28:31Z,"jazz,cool jazz,jazz ballads,bebop,hard bop,jazz funk,smooth jazz,soul jazz,northern soul","CBS Records",0.398,0.121,2,-22.961,0,0.0356,0.992,0.915,0.108,0.0768,147.009,3
spotify:track:2hXBS8q9rGMovfG1S8FB4F,"Wave","Wave","Antônio Carlos Jobim",1967-06-15,176906,64,false,cambridgesax,2019-04-17T13:28:32Z,"bossa nova,brazilian jazz,mpb,latin jazz","Verve Reissues",0.551,0.314,7,-20.679,1,0.0337,0.83,0.831,0.0861,0.873,144.926,4
spotify:track:2ZFroaN6Mr39oqn4wZuB84,"Watermelon Man","On TOP - Live In Europe","The Headhunters",2008-06-27,711773,9,false,cambridgesax,2019-04-17T13:28:33Z,"jazz funk,jazz fusion,funk","ZYX Music",0.52,0.51,0,-11.566,0,0.105,0.111,0.0697,0.516,0.639,155.105,4
spotify:track:38xcUjiTP1ivfb7ObwjyGA,"Watermelon Man - Remastered 2007","Takin' Off (Expanded Edition)","Herbie Hancock",1962-05-28,429266,56,false,cambridgesax,2019-04-17T13:28:33Z,"jazz,jazz fusion,jazz funk,hard bop,cool jazz","Blue Note Records",0.612,0.526,0,-8.558,0,0.0272,0.727,0.0331,0.183,0.594,129.341,4
spotify:track:3AxVIRrgluvRoIUJPLCY7p,"Well You Needn't","Manchester Concert-Complete 1960 Live At The Free Trade Hall","Miles Davis Quintet",1960,789080,0,false,cambridgesax,2019-04-17T13:28:34Z,"jazz,hard bop,cool jazz,bebop,jazz ballads","Lone Hill Jazz",0.421,0.575,5,-14.306,0,0.0688,0.667,0.422,0.629,0.6,120.477,4
spotify:track:2t8g0EVWMHXQCVlVGOoD9I,"What Is This Thing Called Love - Remastered 1998","In The Wee Small Hours","Frank Sinatra",1955,155560,35,false,cambridgesax,2019-04-17T13:28:35Z,"christmas,big band,adult standards,swing music,jazz,vocal jazz","Capitol Records",0.276,0.135,9,-16.029,0,0.0354,0.86,0.000925,0.334,0.121,120.356,4
spotify:track:6WbUvxjjc8SfgJoVaTExFt,"What Is This Thing Called Love","Billie Holiday's Greatest Hits","Billie Holiday",1995-02-03,184866,33,false,cambridgesax,2019-04-17T13:28:35Z,"jazz,vocal jazz","GRP",0.484,0.183,6,-15.409,1,0.0413,0.969,0.000739,0.319,0.507,118.406,3
spotify:track:4dOuWiovQEQc76x8K5Lz4d,"What's New","Standards","John Coltrane Quartet",2001-08-21,225666,16,false,cambridgesax,2019-04-17T13:28:36Z,"jazz,jazz ballads,cool jazz,hard bop,free jazz,bebop","Impulse!",0.431,0.274,5,-12.822,0,0.0303,0.897,0.00289,0.112,0.246,136.348,3
spotify:track:6s6h2XK7Nl8lEcTzr7ezeB,"When I Fall In Love","Love Is The Thing","Nat King Cole",1957-08-01,190773,64,false,cambridgesax,2019-04-17T13:28:36Z,"christmas,adult standards,vocal jazz","Capitol Records",0.19,0.215,1,-15.413,1,0.0339,0.676,0.00134,0.112,0.115,81.538,4
spotify:track:34Om2d1WcQjmftNsPgt3Z9,"Yardbird Suite","The Complete Savoy & Dial Master Takes","Charlie Parker",2002-09-10,175040,0,false,cambridgesax,2019-04-17T13:28:37Z,"bebop,jazz,hard bop,cool jazz,jazz ballads","Savoy",0.789,0.281,0,-13.491,1,0.0776,0.943,0.894,0.108,0.826,106.261,4
spotify:track:0sCeNwt8xRCMR4NhKpMyBe,"Cantaloupe Island - Remastered 1999/Rudy Van Gelder Edition","Empyrean Isles (Expanded Edition)","Herbie Hancock",1964-06-17,333946,62,false,cambridgesax,2020-04-07T17:06:07Z,"jazz,jazz fusion,jazz funk,hard bop,cool jazz","Blue Note Records",0.515,0.583,0,-8.182,0,0.0284,0.749,0.000294,0.123,0.414,116.11,4
spotify:track:6qqK0oeBRapZn8f9hJJENw,"Blue Bossa - Remastered","Page One","Joe Henderson",1963-10-01,482440,49,false,cambridgesax,2020-04-07T17:06:09Z,"hard bop,jazz,jazz ballads,bebop,free jazz,cool jazz","Blue Note Records",0.531,0.366,5,-11.697,0,0.0496,0.911,0.88,0.0916,0.785,81.867,4
spotify:track:0bShZhWLKLR4SaVese0ND8,"Body and Soul - 2000 Remastered Version","Body and Soul","Coleman Hawkins",1996-01-01,182306,0,false,cambridgesax,2020-04-07T17:06:10Z,"jazz,jazz ballads,bebop,cool jazz,hard bop","Dreyfus Jazz",0.741,0.162,10,-11.632,0,0.0722,0.968,0.733,0.109,0.762,94.707,4
spotify:track:0aWMVrwxPNYkKmFthzmpRi,"Blue in Green (feat. John Coltrane & Bill Evans)","Kind Of Blue (Legacy Edition)","Miles Davis;John Coltrane;Bill Evans",1959-08-17,337733,68,false,cambridgesax,2020-04-07T17:06:11Z,"jazz,cool jazz,hard bop,bebop,jazz fusion,jazz ballads,free jazz","Columbia/Legacy",0.421,0.0162,2,-25.358,0,0.0388,0.808,0.0024,0.0978,0.154,110.479,4
spotify:track:1U2EKwG7CRQIWtvFPr2YE6,"All The Things You Are","Odyssey: 1945-1952","Dizzy Gillespie",2002-05-21,169506,0,false,cambridgesax,2020-04-07T17:06:14Z,"bebop,jazz,afro-cuban jazz,hard bop,latin jazz,big band,cool jazz","Savoy",0.575,0.0822,8,-17.658,1,0.0452,0.962,0.58,0.11,0.484,127.369,4
spotify:track:4l9hml2UCnxoNI3yCdL1BW,"My Funny Valentine","Chet Baker Sings","Chet Baker",1956,141133,65,false,cambridgesax,2020-04-07T17:06:15Z,"jazz,cool jazz,vocal jazz,jazz ballads","Blue Note Records",0.438,0.00756,0,-26.44,0,0.0382,0.941,0.00643,0.109,0.277,133.32,4
spotify:track:4rKs17epMsVajhUTsUWEml,"Tenor Madness - Rudy Van Gelder Remastered 2006 / Shared ISRC","Tenor Madness","Sonny Rollins Quartet;John Coltrane",1956,734266,26,false,cambridgesax,2020-04-07T17:06:19Z,"jazz,hard bop,bebop,free jazz,jazz ballads,cool jazz","Original Jazz Classics",0.441,0.449,0,-9.667,0,0.0599,0.773,0.000294,0.232,0.666,175.72,4
spotify:track:6oSm3mBWFxJHEnjE2IqhmA,"There Will Never Be Another You","The President Plays With The Oscar Peterson Trio","Lester Young;Oscar Peterson Trio",1959-06-02,205666,63,false,cambridgesax,2020-04-07T17:06:21Z,"jazz,cool jazz,bebop,jazz ballads,hard bop","Verve Reissues",0.588,0.0387,0,-17.944,0,0.06,0.978,0.823,0.116,0.342,83.4,4
spotify:track:1xicvSO4CJ2ymqYgpk7DFh,"Milestones (feat. John Coltrane, Cannonball Adderley, Red Garland, Paul Chambers & Philly Joe Jones)","Milestones","Miles Davis;John Coltrane;Cannonball Adderley;Red Garland;Paul Chambers;Philly Joe Jones",1958-04,342066,56,false,cambridgesax,2020-04-07T17:06:23Z,"jazz,cool jazz,hard bop,bebop,jazz fusion,jazz ballads,free jazz","Columbia/Legacy",0.553,0.546,9,-7.459,0,0.0341,0.439,0.000557,0.167,0.7,118.214,4
spotify:track:38R2EViAkYOFG8ZkG3GLtW,"On The Sunny Side Of The Street","Dizzy 100","Dizzy Gillespie;Sonny Stitt;Sonny Rollins",2017-09-29,342891,41,false,cambridgesax,2020-04-07T17:06:26Z,"bebop,jazz,afro-cuban jazz,hard bop,latin jazz,big band,cool jazz,jazz ballads,acid jazz","Verve Reissues",0.671,0.352,0,-11.511,1,0.0556,0.532,0.000141,0.11,0.396,120.235,4
